[
    {
        "Codigo": 2,
        "Nom": "The Witcher 3: Wild Hunt",
        "Desenvolupador": "CD Projekt Red",
        "Plataforma": "PC, PlayStation 4, Xbox One",
        "Llan\u00e7ament": "2015-05-19"
    },
    {
        "Codigo": 8,
        "Nom": "The Elder Scrolls V: Skyrim",
        "Desenvolupador": "Bethesda Game Studios",
        "Plataforma": "PC, PlayStation 3, Xbox 360",
        "Llan\u00e7ament": "2011-11-11"
    },
    {
        "Codigo": 10,
        "Nom": "Minecraft",
        "Desenvolupador": "Mojang",
        "Plataforma": "PC, PlayStation, Xbox, Switch, etc.",
        "Llan\u00e7ament": "2011-11-18"
    },
    {
        "Codigo": 14,
        "Nom": "Pok\u00e9mon FireRed \/ LeafGreen",
        "Desenvolupador": "Game Freak",
        "Plataforma": "Game Boy Advance",
        "Llan\u00e7ament": "2004-01-29"
    },
    {
        "Codigo": 23,
        "Nom": "Resident Evil Village",
        "Desenvolupador": "Capcom",
        "Plataforma": "PC, PlayStation 4, PlayStation 5, Xbox One, Xbox Series X\/S",
        "Llan\u00e7ament": "2021-05-07"
    },
    {
        "Codigo": 26,
        "Nom": "Ratchet & Clank: Rift Apart",
        "Desenvolupador": "Insomniac Games",
        "Plataforma": "PlayStation 5",
        "Llan\u00e7ament": "2021-06-11"
    },
    {
        "Codigo": 27,
        "Nom": "It Takes Two",
        "Desenvolupador": "Hazelight Studios",
        "Plataforma": "PC, PlayStation 4, PlayStation 5, Xbox One, Xbox Series X\/S",
        "Llan\u00e7ament": "2021-03-26"
    },
    {
        "Codigo": 28,
        "Nom": "Pok\u00e9mon Diamond\/Pearl",
        "Desenvolupador": "Game Freak",
        "Plataforma": "Nintendo DS",
        "Llan\u00e7ament": "2006-09-28"
    },
    {
        "Codigo": 29,
        "Nom": "Hitman 3",
        "Desenvolupador": "IO Interactive",
        "Plataforma": "PC, PlayStation 4, PlayStation 5, Xbox One, Xbox Series X\/S",
        "Llan\u00e7ament": "2021-01-20"
    },
    {
        "Codigo": 31,
        "Nom": "Metroid Dread",
        "Desenvolupador": "Nintendo",
        "Plataforma": "Nintendo Switch",
        "Llan\u00e7ament": "2021-10-08"
    },
    {
        "Codigo": 32,
        "Nom": "Monster Hunter Rise",
        "Desenvolupador": "Capcom",
        "Plataforma": "Nintendo Switch, PC",
        "Llan\u00e7ament": "2021-03-26"
    },
    {
        "Codigo": 33,
        "Nom": "Little Nightmares II",
        "Desenvolupador": "Tarsier Studios",
        "Plataforma": "PC, PlayStation, Xbox, Switch",
        "Llan\u00e7ament": "2021-02-11"
    },
    {
        "Codigo": 34,
        "Nom": "Outriders",
        "Desenvolupador": "People Can Fly",
        "Plataforma": "PC, PlayStation 4, PlayStation 5, Xbox One, Xbox Series X\/S",
        "Llan\u00e7ament": "2021-04-01"
    },
    {
        "Codigo": 35,
        "Nom": "Kena: Bridge of Spirits",
        "Desenvolupador": "Ember Lab",
        "Plataforma": "PC, PlayStation 4, PlayStation 5",
        "Llan\u00e7ament": "2021-09-21"
    },
    {
        "Codigo": 36,
        "Nom": "Mass Effect Legendary Edition",
        "Desenvolupador": "BioWare",
        "Plataforma": "PC, PlayStation 4, Xbox One",
        "Llan\u00e7ament": "2021-05-14"
    },
    {
        "Codigo": 37,
        "Nom": "Chicory: A Colorful Tale",
        "Desenvolupador": "Greg Lobanov",
        "Plataforma": "PC, PlayStation, Switch",
        "Llan\u00e7ament": "2021-06-10"
    },
    {
        "Codigo": 38,
        "Nom": "Scarlet Nexus",
        "Desenvolupador": "Bandai Namco Entertainment",
        "Plataforma": "PC, PlayStation 4, PlayStation 5, Xbox One, Xbox Series X\/S",
        "Llan\u00e7ament": "2021-06-25"
    },
    {
        "Codigo": 39,
        "Nom": "New Pok\u00e9mon Snap",
        "Desenvolupador": "Bandai Namco Studios",
        "Plataforma": "Nintendo Switch",
        "Llan\u00e7ament": "2021-04-30"
    },
    {
        "Codigo": 40,
        "Nom": "Back 4 Blood",
        "Desenvolupador": "Turtle Rock Studios",
        "Plataforma": "PC, PlayStation 4, PlayStation 5, Xbox One, Xbox Series X\/S",
        "Llan\u00e7ament": "2021-10-12"
    },
    {
        "Codigo": 41,
        "Nom": "NieR Replicant ver.1.22474487139...",
        "Desenvolupador": "Toylogic",
        "Plataforma": "PC, PlayStation 4, Xbox One",
        "Llan\u00e7ament": "2021-04-23"
    },
    {
        "Codigo": 42,
        "Nom": "Pok\u00e9mon Black\/White",
        "Desenvolupador": "Game Freak",
        "Plataforma": "Nintendo DS",
        "Llan\u00e7ament": "2010-03-04"
    },
    {
        "Codigo": 43,
        "Nom": "Riders Republic",
        "Desenvolupador": "Ubisoft Annecy",
        "Plataforma": "PC, PlayStation 4, PlayStation 5, Xbox One, Xbox Series X\/S",
        "Llan\u00e7ament": "2021-10-28"
    },
    {
        "Codigo": 44,
        "Nom": "The Medium",
        "Desenvolupador": "Bloober Team",
        "Plataforma": "PC, Xbox Series X\/S",
        "Llan\u00e7ament": "2021-01-28"
    },
    {
        "Codigo": 46,
        "Nom": "Bravely Default II",
        "Desenvolupador": "Silicon Studio \/ Claytechworks",
        "Plataforma": "Nintendo Switch",
        "Llan\u00e7ament": "2021-02-26"
    },
    {
        "Codigo": 47,
        "Nom": "Age of Empires IV",
        "Desenvolupador": "Relic Entertainment",
        "Plataforma": "PC",
        "Llan\u00e7ament": "2021-10-28"
    },
    {
        "Codigo": 48,
        "Nom": "Halo Infinite",
        "Desenvolupador": "343 Industries",
        "Plataforma": "PC, Xbox Series X\/S",
        "Llan\u00e7ament": "2021-12-08"
    },
    {
        "Codigo": 49,
        "Nom": "Far Cry 6",
        "Desenvolupador": "Ubisoft",
        "Plataforma": "PC, PlayStation 4, PlayStation 5, Xbox One, Xbox Series X\/S",
        "Llan\u00e7ament": "2021-10-07"
    },
    {
        "Codigo": 50,
        "Nom": "Deathloop",
        "Desenvolupador": "Arkane Studios",
        "Plataforma": "PC, PlayStation 5",
        "Llan\u00e7ament": "2021-09-14"
    },
    {
        "Codigo": 51,
        "Nom": "Back 4 Blood",
        "Desenvolupador": "Turtle Rock Studios",
        "Plataforma": "PC, PlayStation 4, PlayStation 5, Xbox One, Xbox Series X\/S",
        "Llan\u00e7ament": "2021-10-12"
    },
    {
        "Codigo": 52,
        "Nom": "New Pok\u00e9mon Snap",
        "Desenvolupador": "Bandai Namco Studios",
        "Plataforma": "Nintendo Switch",
        "Llan\u00e7ament": "2021-04-30"
    },
    {
        "Codigo": 53,
        "Nom": "It Takes Two",
        "Desenvolupador": "Hazelight Studios",
        "Plataforma": "PC, PlayStation 4, PlayStation 5, Xbox One, Xbox Series X\/S",
        "Llan\u00e7ament": "2021-03-26"
    }
]