[
    [
        {
            "nom": "Matem\u00e0tiques",
            "alumnes": {
                "123456789": 8.5,
                "456789012": 7.8,
                "321098765": 9,
                "789012345": 3.5,
                "210987654": 6.5,
                "876543210": 4,
                "234567890": 5,
                "543210987": 7.4,
                "987654321": 5.8,
                "890123456": 8.7
            }
        },
        {
            "nom": "F\u00edsica",
            "alumnes": {
                "123456789": 9.2,
                "456789012": 7.5,
                "321098765": 8,
                "789012345": 2.6,
                "210987654": 8.4,
                "876543210": 6.5,
                "234567890": 4.2,
                "543210987": 3.8,
                "987654321": 7.7,
                "890123456": 9.5
            }
        },
        {
            "nom": "Biologia",
            "alumnes": {
                "123456789": 7,
                "456789012": 8.8,
                "321098765": 7.2,
                "789012345": 5.5,
                "210987654": 8.6,
                "876543210": 7,
                "234567890": 4.2,
                "543210987": 6.3,
                "987654321": 5.5,
                "890123456": 8.9
            }
        }
    ]
]